{"cameraMode":{"drawMode":0,"name":"Shaded","section":"Shading Mode"},"sceneLighting":true,"audioPlay":false,"sceneViewState":{"showFog":false,"showMaterialUpdate":false,"showSkybox":false,"showFlares":false,"showImageEffects":false,"showParticleSystems":false},"in2DMode":false,"pivot":{"x":14.860054969787598,"y":-5.803476810455322,"z":5.332301139831543},"rotation":{"x":-0.1735982596874237,"y":-0.5432146787643433,"z":0.11595836281776428,"w":-0.8132376670837402},"size":20.719099044799806,"orthographic":false}